rank,gamma_method,epsilon_scale,delta_k,delta_agg,back_face_threshold,mean_f1,mean_precision,mean_recall,mean_f2,std_f1,min_f1
1,p30,1.1,7,max,-1e-06,0.9254541393,0.8988733028,0.9556669735,0.9431267292,0.0587632244,0.0026493760
2,p25,1.1,7,max,-1e-06,0.9254386541,0.8992775152,0.9552031208,0.9428479260,0.0588108770,0.0023731416
3,p25,1.05,7,max,-1e-06,0.9253661689,0.8978124422,0.9567131677,0.9436945531,0.0586984952,0.0025098477
4,p40,1.1,7,max,-1e-06,0.9252997825,0.8979072941,0.9564238755,0.9434980468,0.0586996302,0.0030574665
5,p30,1.05,7,max,-1e-06,0.9252750480,0.8972186013,0.9571800406,0.9439263606,0.0586570607,0.0023001324
6,p25,1.0,7,max,-1e-06,0.9252005174,0.8960278723,0.9583607875,0.9445795463,0.0586385001,0.0020201317
7,p40,1.05,7,max,-1e-06,0.9250936941,0.8961413585,0.9579895037,0.9443183737,0.0587427983,0.0027068295
8,median,1.1,7,max,-1e-06,0.9250538558,0.8968213521,0.9571262294,0.9437990666,0.0588810761,0.0033899478
9,p30,1.0,7,max,-1e-06,0.9249890070,0.8954660195,0.9586118991,0.9446338157,0.0586895946,0.0025066147
10,mean,1.1,7,max,-1e-06,0.9249370887,0.8966791636,0.9571052819,0.9437307902,0.0590344475,0.0036671856
11,p25,0.95,7,max,-1e-06,0.9248790462,0.8941740028,0.9598883264,0.9453249461,0.0586804783,0.0023676880
12,median,1.05,7,max,-1e-06,0.9248066937,0.8951447493,0.9585476620,0.9445138904,0.0588391029,0.0028356041
13,p60,1.1,7,max,-1e-06,0.9247652827,0.8957023563,0.9578854340,0.9441011417,0.0592156810,0.0043304922
14,p40,1.0,7,max,-1e-06,0.9247271626,0.8942660238,0.9594357213,0.9449969340,0.0587449805,0.0034608064
15,mean,1.05,7,max,-1e-06,0.9246072181,0.8949148920,0.9584785427,0.9443817961,0.0591953731,0.0034585322
16,p30,0.95,7,max,-1e-06,0.9246009307,0.8933949355,0.9602266743,0.9454015949,0.0587470841,0.0033321763
17,p60,1.05,7,max,-1e-06,0.9244345097,0.8939436708,0.9592564050,0.9447473836,0.0593726496,0.0043122626
18,median,1.0,7,max,-1e-06,0.9243562507,0.8931547319,0.9599522782,0.9451299109,0.0590264167,0.0037818882
19,p40,0.95,7,max,-1e-06,0.9243051657,0.8922680887,0.9608989253,0.9456569993,0.0589612049,0.0031111726
20,p25,0.9,7,max,-1e-06,0.9242531573,0.8918189490,0.9613491199,0.9458978236,0.0588019767,0.0029160592
21,mean,1.0,7,max,-1e-06,0.9242237780,0.8929477152,0.9599391015,0.9450601058,0.0592618466,0.0031015232
22,p75,1.1,7,max,-1e-06,0.9241970985,0.8940284015,0.9587510756,0.9443316227,0.0599905998,0.0043016626
23,p30,0.9,7,max,-1e-06,0.9240762012,0.8911822022,0.9616983791,0.9460228484,0.0589045534,0.0029784581
24,p25,1.1,6,max,-1e-06,0.9240132183,0.8941355993,0.9582612099,0.9439955846,0.0591804943,0.0044234026
25,p60,1.0,7,max,-1e-06,0.9239868589,0.8919861814,0.9606503025,0.9453526103,0.0596333873,0.0045005114
26,median,0.95,7,max,-1e-06,0.9239736752,0.8911151982,0.9615831319,0.9459035200,0.0591133562,0.0044554116
27,p75,1.05,7,max,-1e-06,0.9238036738,0.8921412895,0.9601704282,0.9449746291,0.0602795622,0.0045545699
28,p30,1.1,6,max,-1e-06,0.9237791676,0.8934388502,0.9585145775,0.9440423576,0.0592669996,0.0033838611
29,mean,0.95,7,max,-1e-06,0.9237722944,0.8909039404,0.9614666864,0.9457427004,0.0593942440,0.0048020855
30,p25,1.1,5,max,-1e-06,0.9237432119,0.8910956929,0.9611210727,0.9455433706,0.0589888200,0.0038575463
31,p25,0.85,7,max,-1e-06,0.9237117971,0.8895291675,0.9629497678,0.9465852051,0.0589884364,0.0036701059
32,p40,0.9,7,max,-1e-06,0.9236680618,0.8899357016,0.9623070822,0.9461901245,0.0592539367,0.0028908697
33,p25,1.05,6,max,-1e-06,0.9235753128,0.8921592217,0.9595911956,0.9445766975,0.0593045493,0.0033144593
34,p40,1.1,6,max,-1e-06,0.9235221619,0.8923344614,0.9592879613,0.9443748885,0.0593700289,0.0052620789
35,p30,1.1,5,max,-1e-06,0.9234935228,0.8903527322,0.9614715967,0.9456368159,0.0591415401,0.0042567800
36,p30,1.05,6,max,-1e-06,0.9234613793,0.8914791988,0.9601265735,0.9448377084,0.0592992416,0.0031716482
37,p30,0.85,7,max,-1e-06,0.9233266270,0.8887052611,0.9631172432,0.9465135114,0.0591670101,0.0039397291
38,p60,0.95,7,max,-1e-06,0.9233056459,0.8896732729,0.9619652427,0.9458115836,0.0600155635,0.0042775665
39,p75,1.0,7,max,-1e-06,0.9232862835,0.8901395380,0.9615176641,0.9455162138,0.0605955413,0.0049397753
40,median,1.1,6,max,-1e-06,0.9232027236,0.8911233484,0.9600192209,0.9446552115,0.0596162725,0.0048800325
41,median,0.9,7,max,-1e-06,0.9231777485,0.8887480382,0.9627486188,0.9462230200,0.0596008997,0.0044329264
42,p25,1.1,4,max,-1e-06,0.9231478108,0.8890374604,0.9623107035,0.9459670374,0.0592198356,0.0030972538
43,p25,1.05,5,max,-1e-06,0.9231422682,0.8889959062,0.9623712387,0.9460027946,0.0591722518,0.0046692073
44,p40,1.1,5,max,-1e-06,0.9230859455,0.8890521298,0.9621439885,0.9458443184,0.0593586751,0.0050218859
45,mean,0.9,7,max,-1e-06,0.9230283925,0.8885056275,0.9627934052,0.9461748475,0.0598361549,0.0048455895
46,p25,1.0,6,max,-1e-06,0.9229893029,0.8899537835,0.9609289584,0.9450951077,0.0594395069,0.0028908697
47,p30,1.1,4,max,-1e-06,0.9229602970,0.8883965962,0.9627091538,0.9461163949,0.0592849876,0.0048020855
48,p40,1.05,6,max,-1e-06,0.9229477116,0.8901552734,0.9606414410,0.9449080202,0.0595945022,0.0051168344
49,mean,1.1,6,max,-1e-06,0.9229152942,0.8908442259,0.9597744115,0.9443836224,0.0599389957,0.0042775665
50,p30,1.05,5,max,-1e-06,0.9228352684,0.8881878675,0.9626442498,0.9460282740,0.0592476855,0.0045149815
51,p25,1.1,7,p99,-1e-06,0.9228022099,0.8830385749,0.9687081182,0.9495203570,0.0590281730,0.0043421325
52,p40,0.85,7,max,-1e-06,0.9227936363,0.8872932262,0.9636762538,0.9465939204,0.0596632879,0.0041786546
53,p30,1.0,6,max,-1e-06,0.9227410419,0.8892798916,0.9612270286,0.9451583619,0.0595955724,0.0037048472
54,median,1.1,5,max,-1e-06,0.9227047213,0.8878397375,0.9627746138,0.9460383591,0.0596021941,0.0044475892
55,p60,0.9,7,max,-1e-06,0.9226509430,0.8873534162,0.9634293944,0.9463601022,0.0604451994,0.0052071006
56,p75,0.95,7,max,-1e-06,0.9226248223,0.8878408535,0.9628807986,0.9460066585,0.0610383534,0.0044471397
57,p60,1.1,6,max,-1e-06,0.9225601605,0.8897036797,0.9604610638,0.9446089900,0.0603895519,0.0056858089
58,median,1.05,6,max,-1e-06,0.9225532282,0.8889692834,0.9612117184,0.9450605285,0.0598564070,0.0051353086
59,mean,1.05,6,max,-1e-06,0.9225195977,0.8888987688,0.9612767946,0.9450741318,0.0600911589,0.0049259422
60,mean,1.1,5,max,-1e-06,0.9224986255,0.8875851083,0.9627285248,0.9459113752,0.0598669390,0.0050583395
61,p25,1.05,4,max,-1e-06,0.9224768920,0.8869231603,0.9634509469,0.9463324276,0.0594566652,0.0043897253
62,p25,1.0,5,max,-1e-06,0.9224764513,0.8867866264,0.9635904277,0.9464157525,0.0593732247,0.0050565445
63,p40,1.1,4,max,-1e-06,0.9224733318,0.8870123417,0.9633206822,0.9462499120,0.0595835494,0.0047427081
64,p30,1.1,7,p99,-1e-06,0.9224109557,0.8820981214,0.9690006685,0.9495120489,0.0593604657,0.0033726813
65,p40,1.05,5,max,-1e-06,0.9223633900,0.8867998479,0.9633132839,0.9462015020,0.0596130957,0.0045392954
66,p40,1.0,6,max,-1e-06,0.9223596618,0.8880075624,0.9619477252,0.9454041798,0.0597542835,0.0052224634
67,median,0.85,7,max,-1e-06,0.9223310791,0.8860484801,0.9642298091,0.9467010176,0.0601228498,0.0045567382
68,mean,0.85,7,max,-1e-06,0.9222980758,0.8858723924,0.9644176146,0.9467842650,0.0603190158,0.0041448665
69,p25,0.95,6,max,-1e-06,0.9222927716,0.8876212550,0.9622812070,0.9455720228,0.0596500317,0.0049271197
70,p30,1.05,4,max,-1e-06,0.9222081721,0.8861525922,0.9638009375,0.9464163892,0.0595368122,0.0049849768
71,p30,1.0,5,max,-1e-06,0.9221249943,0.8859406854,0.9638553680,0.9464135806,0.0596093714,0.0047073271
72,p30,0.95,6,max,-1e-06,0.9221072891,0.8869192651,0.9627434355,0.9457554536,0.0597481999,0.0051266277
73,p60,1.1,5,max,-1e-06,0.9220765131,0.8864915265,0.9632220752,0.9459942393,0.0604317144,0.0058430995
74,p60,1.05,6,max,-1e-06,0.9220233384,0.8875960847,0.9618537083,0.9451757390,0.0605378787,0.0059942056
75,p75,1.1,6,max,-1e-06,0.9219367812,0.8879124832,0.9614043477,0.9448540654,0.0612228050,0.0061603683
76,median,1.1,4,max,-1e-06,0.9219163381,0.8856054491,0.9638860422,0.9463239260,0.0600492815,0.0060473711
77,median,1.05,5,max,-1e-06,0.9219142856,0.8856305844,0.9638007756,0.9462778740,0.0599964443,0.0050226017
78,median,1.0,6,max,-1e-06,0.9219070397,0.8867114971,0.9625681635,0.9455578427,0.0601435531,0.0057824845
79,mean,1.05,5,max,-1e-06,0.9218375415,0.8854454471,0.9639123796,0.9463018165,0.0602018335,0.0056858089
80,p75,0.9,7,max,-1e-06,0.9218284324,0.8853293323,0.9642952363,0.9464610184,0.0615690453,0.0058104588
81,mean,1.1,4,max,-1e-06,0.9218219409,0.8854963928,0.9638506009,0.9462549392,0.0602860228,0.0053161065
82,p60,0.85,7,max,-1e-06,0.9217516443,0.8847205204,0.9647611215,0.9467219229,0.0609909533,0.0059695486
83,p25,1.05,7,p99,-1e-06,0.9217219565,0.8804612620,0.9695394107,0.9495202235,0.0596564192,0.0037812382
84,mean,1.0,6,max,-1e-06,0.9217172664,0.8864587878,0.9625230835,0.9454394068,0.0603676263,0.0051745573
85,p25,1.0,4,max,-1e-06,0.9216728775,0.8845600102,0.9645889881,0.9466345239,0.0597732284,0.0046402129
86,p40,1.0,5,max,-1e-06,0.9215924784,0.8845287966,0.9644417678,0.9465100329,0.0600473795,0.0050481255
87,p25,0.95,5,max,-1e-06,0.9215892428,0.8842628770,0.9647553317,0.9466959506,0.0597352159,0.0051006529
88,p40,1.1,7,p99,-1e-06,0.9215814517,0.8803987098,0.9694288592,0.9493753691,0.0602392492,0.0052438028
89,p40,1.05,4,max,-1e-06,0.9215651564,0.8845840245,0.9643328796,0.9464331933,0.0601127315,0.0046643683
90,p40,0.95,6,max,-1e-06,0.9215428087,0.8855487711,0.9632063132,0.9457669149,0.0602537879,0.0054716790
91,p25,0.9,6,max,-1e-06,0.9215409067,0.8851949997,0.9636042241,0.9460036571,0.0599221004,0.0053703137
92,p30,1.0,4,max,-1e-06,0.9214053343,0.8838358360,0.9649284719,0.9467086724,0.0599759639,0.0049049663
93,p30,1.05,7,p99,-1e-06,0.9213976975,0.8797336801,0.9698004247,0.9495218807,0.0598784106,0.0046658433
94,p60,1.05,5,max,-1e-06,0.9213061664,0.8842032934,0.9643546221,0.9463056369,0.0608900209,0.0053527177
95,p60,1.1,4,max,-1e-06,0.9212981985,0.8841961857,0.9643782639,0.9463110290,0.0609947334,0.0056927252
96,p30,0.95,5,max,-1e-06,0.9212444140,0.8834387904,0.9650235289,0.9466961361,0.0600009672,0.0048767272
97,p60,1.0,6,max,-1e-06,0.9212428946,0.8852310684,0.9630631906,0.9455251167,0.0610608221,0.0059578975
98,p30,0.9,6,max,-1e-06,0.9212233330,0.8843106444,0.9639907412,0.9460847884,0.0601350784,0.0046863857
99,p75,1.1,5,max,-1e-06,0.9212143951,0.8843998565,0.9640630917,0.9460699256,0.0615189343,0.0067563135
100,p75,1.05,6,max,-1e-06,0.9211724084,0.8855870493,0.9626071524,0.9452058200,0.0616289140,0.0066399316
101,median,1.0,5,max,-1e-06,0.9211427083,0.8832970882,0.9650406161,0.9466472932,0.0604478739,0.0062639523
102,median,1.05,4,max,-1e-06,0.9211313843,0.8834189890,0.9648809319,0.9465469920,0.0605698561,0.0053481298
103,p25,1.1,6,p99,-1e-06,0.9211076615,0.8789844557,0.9700856413,0.9495595530,0.0599559523,0.0045281465
104,median,0.95,6,max,-1e-06,0.9210557461,0.8841935447,0.9638278356,0.9459033647,0.0605733910,0.0056056056
105,mean,1.05,4,max,-1e-06,0.9209988649,0.8832203060,0.9648883403,0.9464858307,0.0607509116,0.0058071622
106,mean,1.0,5,max,-1e-06,0.9209412754,0.8830099514,0.9649908176,0.9465237444,0.0606930460,0.0058563205
107,mean,0.95,6,max,-1e-06,0.9209222535,0.8840179974,0.9638013344,0.9458232505,0.0608274748,0.0060717264
108,median,1.1,7,p99,-1e-06,0.9208651803,0.8789049068,0.9697908178,0.9492531015,0.0608943041,0.0054655870
109,p75,0.85,7,max,-1e-06,0.9208095364,0.8825568058,0.9655581224,0.9467263527,0.0623232654,0.0061046415
110,p25,0.95,4,max,-1e-06,0.9207652171,0.8819555256,0.9658180781,0.9469402772,0.0602465661,0.0038776829
111,mean,1.1,7,p99,-1e-06,0.9207471160,0.8787555687,0.9697507680,0.9491714309,0.0611319331,0.0049317660
112,p40,1.0,4,max,-1e-06,0.9206923518,0.8822242691,0.9654031870,0.9466591005,0.0605822543,0.0061703555
113,p40,0.95,5,max,-1e-06,0.9206870429,0.8820061949,0.9656304846,0.9467902149,0.0604946083,0.0056955240
114,p30,1.1,6,p99,-1e-06,0.9206852467,0.8781693716,0.9701990713,0.9494357168,0.0603017716,0.0050565445
115,p25,0.9,5,max,-1e-06,0.9205984148,0.8815513090,0.9659458063,0.9469419176,0.0602439318,0.0044015575
116,p40,0.9,6,max,-1e-06,0.9205660407,0.8828200802,0.9644707100,0.9460604965,0.0607631189,0.0060386473
117,p25,0.85,6,max,-1e-06,0.9205203002,0.8822257929,0.9650254172,0.9463717649,0.0603813252,0.0048099722
118,p25,1.0,7,p99,-1e-06,0.9205174015,0.8777819024,0.9703107013,0.9494281473,0.0602436976,0.0049271197
119,p40,1.05,7,p99,-1e-06,0.9204728435,0.8778411183,0.9702023637,0.9493280319,0.0608271573,0.0048800325
120,p75,1.0,6,max,-1e-06,0.9204277777,0.8832490705,0.9639221409,0.9456247273,0.0621012835,0.0079059131
121,p60,0.95,6,max,-1e-06,0.9204232447,0.8828190510,0.9642877443,0.9458624101,0.0614964678,0.0066381860
122,p60,1.0,5,max,-1e-06,0.9204087826,0.8817407513,0.9654979408,0.9465604466,0.0614012305,0.0068706036
123,p60,1.05,4,max,-1e-06,0.9203862189,0.8819105417,0.9652750630,0.9464181067,0.0615223181,0.0069103952
124,p30,0.95,4,max,-1e-06,0.9203459592,0.8810655683,0.9660452933,0.9468822828,0.0605517022,0.0048719423
125,p75,1.1,4,max,-1e-06,0.9203260578,0.8821520302,0.9649870509,0.9461969890,0.0621843881,0.0073892431
126,p75,1.05,5,max,-1e-06,0.9203055198,0.8820519043,0.9650277743,0.9462167319,0.0621229342,0.0070372060
127,p30,0.9,5,max,-1e-06,0.9201815675,0.8806484994,0.9661975097,0.9468993589,0.0605499393,0.0054626383
128,median,1.0,4,max,-1e-06,0.9201247988,0.8808633022,0.9658951679,0.9466809545,0.0611497497,0.0058430995
129,p30,1.0,7,p99,-1e-06,0.9200832181,0.8768479856,0.9705731789,0.9493814923,0.0606174755,0.0051266277
130,p30,0.85,6,max,-1e-06,0.9200756960,0.8813521161,0.9651844611,0.9462622234,0.0607648073,0.0049397753
131,median,0.9,6,max,-1e-06,0.9200717482,0.8815616086,0.9649945705,0.9461334814,0.0611803425,0.0063001525
132,median,0.95,5,max,-1e-06,0.9200646849,0.8805133643,0.9661787385,0.9468193456,0.0610934085,0.0062124116
133,mean,1.0,4,max,-1e-06,0.9200487686,0.8807039612,0.9659843513,0.9466890038,0.0613587128,0.0057245557
134,mean,0.95,5,max,-1e-06,0.9199826860,0.8804097867,0.9661891485,0.9467791129,0.0613127840,0.0060917067
135,p60,1.1,7,p99,-1e-06,0.9199725217,0.8772440012,0.9700958132,0.9489987166,0.0621711996,0.0055899381
136,mean,0.9,6,max,-1e-06,0.9199305509,0.8813387555,0.9650120597,0.9460731240,0.0614289144,0.0061724298
137,p25,1.05,6,p99,-1e-06,0.9199286260,0.8763953048,0.9707559426,0.9494225989,0.0605345727,0.0043792124
138,p40,1.1,6,p99,-1e-06,0.9197652086,0.8763243406,0.9705854727,0.9492307946,0.0612665814,0.0051953309
139,median,1.05,7,p99,-1e-06,0.9197350409,0.8763889630,0.9705431132,0.9491760514,0.0616293444,0.0059827911
140,p40,0.95,4,max,-1e-06,0.9197002897,0.8796131270,0.9665106749,0.9468512039,0.0611690603,0.0054041432
141,mean,1.05,7,p99,-1e-06,0.9195858426,0.8761421394,0.9705422518,0.9491051942,0.0618454540,0.0052474015
142,p25,0.9,4,max,-1e-06,0.9195595514,0.8791256403,0.9667583184,0.9469443242,0.0609075531,0.0049319326
143,p40,0.9,5,max,-1e-06,0.9195183368,0.8790922932,0.9667569345,0.9469137586,0.0611998998,0.0061783757
144,p40,0.85,6,max,-1e-06,0.9194616948,0.8798970695,0.9657039030,0.9462775236,0.0613606078,0.0056576145
145,p30,1.05,6,p99,-1e-06,0.9194605400,0.8754701768,0.9709524710,0.9493198958,0.0609997365,0.0049737685
146,p60,1.0,4,max,-1e-06,0.9194424298,0.8793907037,0.9664050570,0.9466398465,0.0621787846,0.0070574397
147,p75,1.05,4,max,-1e-06,0.9194419999,0.8797434774,0.9661010960,0.9464345285,0.0628439810,0.0073267198
148,p75,0.95,6,max,-1e-06,0.9194375482,0.8806452818,0.9650361246,0.9458163661,0.0628404974,0.0071236603
149,p75,1.0,5,max,-1e-06,0.9193643752,0.8795552605,0.9661496691,0.9464294932,0.0628429620,0.0063387342
150,p60,0.95,5,max,-1e-06,0.9193495367,0.8790416491,0.9666017418,0.9467164011,0.0621149035,0.0063613644
151,p60,0.9,6,max,-1e-06,0.9193221343,0.8800390674,0.9654130323,0.9460113903,0.0622897387,0.0069258412
152,p25,0.85,5,max,-1e-06,0.9193046151,0.8783670315,0.9671394341,0.9470507442,0.0609911399,0.0048510982
153,p30,0.9,4,max,-1e-06,0.9192217322,0.8783097317,0.9670933401,0.9469806754,0.0612182928,0.0055284005
154,p25,0.95,7,p99,-1e-06,0.9192195115,0.8748866609,0.9711192233,0.9493137527,0.0609477003,0.0045637218
155,p40,1.0,7,p99,-1e-06,0.9192026721,0.8750667599,0.9709972565,0.9492108314,0.0616088578,0.0054716790
156,median,0.95,4,max,-1e-06,0.9191094278,0.8782601141,0.9669749229,0.9468449796,0.0617632180,0.0062005277
157,p25,1.1,5,p99,-1e-06,0.9189951198,0.8744353769,0.9712292971,0.9492766012,0.0610391881,0.0049827651
158,median,1.1,6,p99,-1e-06,0.9189783637,0.8747423040,0.9709802858,0.9490862927,0.0620792004,0.0058104588
159,p30,0.85,5,max,-1e-06,0.9189741686,0.8776417393,0.9673692004,0.9470307424,0.0612624166,0.0053685871
160,median,0.85,6,max,-1e-06,0.9189657066,0.8786316055,0.9662748078,0.9463726958,0.0618384847,0.0068286277
161,median,0.9,5,max,-1e-06,0.9189443237,0.8777789507,0.9672037808,0.9469050310,0.0617965919,0.0065616798
162,mean,0.95,4,max,-1e-06,0.9188874855,0.8780123992,0.9668590740,0.9466701530,0.0621169547,0.0061301167
163,mean,1.1,6,p99,-1e-06,0.9188187367,0.8744778874,0.9710025950,0.9490218539,0.0623531417,0.0053639076
164,mean,0.9,5,max,-1e-06,0.9188123333,0.8776022884,0.9672013201,0.9468346422,0.0620543672,0.0068353598
165,p60,1.05,7,p99,-1e-06,0.9188067948,0.8746329720,0.9709248988,0.9489420302,0.0629973760,0.0063460585
166,mean,0.85,6,max,-1e-06,0.9188066597,0.8784150888,0.9662590378,0.9462821479,0.0621647639,0.0063796902
167,p30,0.95,7,p99,-1e-06,0.9186982520,0.8738628654,0.9713414827,0.9492005550,0.0614173749,0.0050307624
168,p75,1.1,7,p99,-1e-06,0.9186803891,0.8747695308,0.9706473022,0.9486884540,0.0639117463,0.0068286277
169,p25,1.0,6,p99,-1e-06,0.9185406851,0.8734709074,0.9714605462,0.9492073499,0.0612932827,0.0052477339
170,p40,0.9,4,max,-1e-06,0.9185160149,0.8767318323,0.9676102288,0.9469472749,0.0619604244,0.0063649925
171,p40,1.05,6,p99,-1e-06,0.9185078246,0.8736032532,0.9713138813,0.9490840333,0.0620112012,0.0047843666
172,p30,1.1,5,p99,-1e-06,0.9184511357,0.8733699386,0.9714069613,0.9491278127,0.0615696391,0.0041448665
173,p75,1.0,4,max,-1e-06,0.9184263008,0.8773135268,0.9670029791,0.9464874282,0.0636224206,0.0074706166
174,p25,0.85,4,max,-1e-06,0.9183609748,0.8761746945,0.9679098692,0.9470660299,0.0615818125,0.0057780167
175,p75,0.9,6,max,-1e-06,0.9183179550,0.8778506087,0.9661657106,0.9459538331,0.0636534915,0.0074043074
176,p60,0.95,4,max,-1e-06,0.9183100271,0.8766792023,0.9674067076,0.9467017409,0.0628979583,0.0081632653
177,p40,0.85,5,max,-1e-06,0.9183019542,0.8761647533,0.9678308678,0.9469824041,0.0619530530,0.0061301167
178,median,1.0,7,p99,-1e-06,0.9182879738,0.8734096263,0.9711857516,0.9488926075,0.0625843059,0.0056056056
179,mean,1.0,7,p99,-1e-06,0.9182510309,0.8732858473,0.9713071692,0.9489385000,0.0627610547,0.0056842880
180,p75,0.95,5,max,-1e-06,0.9182216853,0.8767837444,0.9672017926,0.9465149663,0.0636263662,0.0070637341
181,p60,0.9,5,max,-1e-06,0.9182027766,0.8762520318,0.9676803790,0.9468144696,0.0628972632,0.0074816989
182,p60,0.85,6,max,-1e-06,0.9181763527,0.8770943309,0.9666370439,0.9461963756,0.0630601532,0.0064065230
183,p30,1.0,6,p99,-1e-06,0.9180358964,0.8724723769,0.9716507206,0.9490821546,0.0618332282,0.0046137667
184,p60,1.1,6,p99,-1e-06,0.9180126809,0.8729963301,0.9712686988,0.9487843359,0.0634458124,0.0066399316
185,p30,0.85,4,max,-1e-06,0.9179979482,0.8753400115,0.9681879371,0.9470576713,0.0619874661,0.0052161701
186,median,0.9,4,max,-1e-06,0.9178774538,0.8753486795,0.9680318932,0.9468920792,0.0625867031,0.0075680966
187,mean,0.9,4,max,-1e-06,0.9178210023,0.8753118124,0.9680203865,0.9468482500,0.0628175636,0.0072485062
188,p40,0.95,7,p99,-1e-06,0.9177208330,0.8720136235,0.9716738268,0.9489325161,0.0625338009,0.0059068331
189,median,1.05,6,p99,-1e-06,0.9176573379,0.8719772079,0.9716491022,0.9488713187,0.0630150296,0.0054452487
190,p25,0.9,7,p99,-1e-06,0.9176523645,0.8716334983,0.9718561114,0.9490343653,0.0618377267,0.0044201149
191,p25,1.05,5,p99,-1e-06,0.9176201523,0.8715282828,0.9719074068,0.9490512125,0.0618224650,0.0048163348
192,median,0.85,5,max,-1e-06,0.9176049545,0.8747258516,0.9682070230,0.9468729831,0.0627201854,0.0072232706
193,mean,0.85,5,max,-1e-06,0.9175559298,0.8746441474,0.9682702577,0.9468759510,0.0629316461,0.0072324483
194,mean,1.05,6,p99,-1e-06,0.9175154307,0.8717762287,0.9716403796,0.9487981567,0.0631918168,0.0061905079
195,p75,1.05,7,p99,-1e-06,0.9174636641,0.8721880000,0.9713750942,0.9485437675,0.0648426359,0.0081112020
196,p40,1.1,5,p99,-1e-06,0.9174608391,0.8715139681,0.9717469541,0.9488572517,0.0627287957,0.0057658141
197,p60,1.0,7,p99,-1e-06,0.9173281382,0.8716149233,0.9715841119,0.9486498844,0.0640348291,0.0066381860
198,p75,0.95,4,max,-1e-06,0.9172502822,0.8745351222,0.9680195334,0.9465324410,0.0644501516,0.0080400727
199,p40,0.85,4,max,-1e-06,0.9171951859,0.8737305013,0.9685765072,0.9469047520,0.0628134558,0.0070279146
200,p30,0.9,7,p99,-1e-06,0.9171124783,0.8705722957,0.9720813607,0.9489126968,0.0623936656,0.0045392954
201,p75,0.85,6,max,-1e-06,0.9171116774,0.8749357103,0.9672662490,0.9460357548,0.0645330823,0.0076692018
202,p60,0.9,4,max,-1e-06,0.9170752867,0.8738626866,0.9683426809,0.9466718110,0.0639486614,0.0068186935
203,p30,1.05,5,p99,-1e-06,0.9170693997,0.8705136344,0.9720681743,0.9488851068,0.0624303197,0.0044706360
204,p75,0.9,5,max,-1e-06,0.9170437957,0.8740339210,0.9681746388,0.9465356473,0.0644875813,0.0073796043
205,p25,0.95,6,p99,-1e-06,0.9170326298,0.8703543767,0.9721380691,0.9489190800,0.0621677484,0.0050113432
206,p40,1.0,6,p99,-1e-06,0.9169982816,0.8705069987,0.9719990922,0.9487936375,0.0629937297,0.0048777228
207,p60,0.85,5,max,-1e-06,0.9168567990,0.8731883047,0.9686967041,0.9467826178,0.0639223408,0.0074801010
208,median,0.95,7,p99,-1e-06,0.9167335880,0.8701809763,0.9719708688,0.9486378692,0.0636009939,0.0067538487
209,mean,0.95,7,p99,-1e-06,0.9166656014,0.8700977437,0.9719581824,0.9485935068,0.0637546462,0.0058425176
210,p60,1.05,6,p99,-1e-06,0.9165871222,0.8700795117,0.9719606522,0.9485280769,0.0644805615,0.0074573167
211,median,0.85,4,max,-1e-06,0.9165782688,0.8724140227,0.9689954850,0.9468508202,0.0635551920,0.0075049332
212,median,1.1,5,p99,-1e-06,0.9165491173,0.8697876486,0.9720787159,0.9486142255,0.0637735338,0.0060935223
213,p75,1.1,6,p99,-1e-06,0.9165438742,0.8703185884,0.9717509106,0.9483428824,0.0653999963,0.0070806808
214,mean,1.1,5,p99,-1e-06,0.9164609296,0.8696375203,0.9721024313,0.9485848090,0.0638375342,0.0063649925
215,p30,0.95,6,p99,-1e-06,0.9164385911,0.8692304538,0.9723348679,0.9487561989,0.0627483677,0.0049379376
216,mean,0.85,4,max,-1e-06,0.9163930334,0.8721655756,0.9689687563,0.9467426563,0.0638550891,0.0075917334
217,median,1.0,6,p99,-1e-06,0.9161406877,0.8689073281,0.9723012925,0.9485595066,0.0639206474,0.0058720681
218,p25,1.0,5,p99,-1e-06,0.9160768202,0.8684485442,0.9725064878,0.9486982765,0.0627844122,0.0045297816
219,mean,1.0,6,p99,-1e-06,0.9160330579,0.8687618052,0.9723061732,0.9485064538,0.0641219455,0.0062811994
220,p40,0.9,7,p99,-1e-06,0.9160119894,0.8685600827,0.9723983919,0.9485743006,0.0635799186,0.0057974878
221,p40,1.05,5,p99,-1e-06,0.9159892363,0.8685193232,0.9724297060,0.9485778806,0.0637124180,0.0061351739
222,p75,1.0,7,p99,-1e-06,0.9159703783,0.8691405486,0.9720508598,0.9482487121,0.0658397282,0.0071236603
223,p75,0.9,4,max,-1e-06,0.9159661540,0.8716704412,0.9689375789,0.9464672027,0.0655102923,0.0077828398
224,p25,0.85,7,p99,-1e-06,0.9158003697,0.8679527165,0.9725589728,0.9486037239,0.0629386559,0.0051353086
225,p60,0.95,7,p99,-1e-06,0.9157805396,0.8684840737,0.9722792089,0.9483409429,0.0650418191,0.0071076913
226,p60,0.85,4,max,-1e-06,0.9157626360,0.8708612275,0.9693785730,0.9466644757,0.0648341722,0.0079666040
227,p75,0.85,5,max,-1e-06,0.9157591238,0.8711321173,0.9691800869,0.9465126193,0.0655375531,0.0083610989
228,p25,1.1,4,p99,-1e-06,0.9156404790,0.8676073297,0.9726319382,0.9485754359,0.0629274752,0.0048510982
229,p30,1.0,5,p99,-1e-06,0.9155982715,0.8675340808,0.9727113628,0.9485877843,0.0633414835,0.0047161866
230,p60,1.1,5,p99,-1e-06,0.9155099092,0.8679780332,0.9723575934,0.9482599123,0.0652527576,0.0069677335
231,p40,0.95,6,p99,-1e-06,0.9153576051,0.8673060708,0.9726078355,0.9483947460,0.0641053110,0.0057245557
232,p25,0.9,6,p99,-1e-06,0.9153370991,0.8669403761,0.9728357103,0.9485528383,0.0631938989,0.0046458389
233,p30,0.85,7,p99,-1e-06,0.9152423432,0.8668746503,0.9727788837,0.9484666074,0.0635749325,0.0044471397
234,p75,1.05,6,p99,-1e-06,0.9151435078,0.8675126135,0.9723616857,0.9480485002,0.0664184220,0.0068446712
235,p60,1.0,6,p99,-1e-06,0.9151382666,0.8671634463,0.9725751816,0.9482201082,0.0653966743,0.0068126521
236,median,0.9,7,p99,-1e-06,0.9151136587,0.8669134081,0.9726982425,0.9483133537,0.0646270706,0.0066399316
237,p30,1.1,4,p99,-1e-06,0.9150865548,0.8666046540,0.9727855722,0.9484034044,0.0635637395,0.0055672938
238,median,1.05,5,p99,-1e-06,0.9150375309,0.8667984902,0.9726828302,0.9482710608,0.0647008839,0.0068497662
239,mean,0.9,7,p99,-1e-06,0.9149730692,0.8666904033,0.9726972353,0.9482431702,0.0648906104,0.0057302816
240,mean,1.05,5,p99,-1e-06,0.9149649797,0.8667139888,0.9726567910,0.9482173259,0.0648888759,0.0063923029
241,p30,0.9,6,p99,-1e-06,0.9147155544,0.8658379630,0.9729929628,0.9483489444,0.0638669352,0.0053626491
242,p75,0.85,4,max,-1e-06,0.9146223745,0.8687304176,0.9698920728,0.9463852467,0.0666471856,0.0081047969
243,median,0.95,6,p99,-1e-06,0.9145211245,0.8657270390,0.9729272951,0.9481786900,0.0649918359,0.0068111861
244,p25,0.95,5,p99,-1e-06,0.9144509879,0.8652767210,0.9730890391,0.9482963885,0.0636816459,0.0057096796
245,p40,1.0,5,p99,-1e-06,0.9144339544,0.8655166357,0.9729496104,0.9481673448,0.0647424010,0.0063654146
246,p75,0.95,7,p99,-1e-06,0.9143513177,0.8659393408,0.9727176935,0.9478834202,0.0669998532,0.0074691736
247,mean,0.95,6,p99,-1e-06,0.9143247120,0.8654495196,0.9728912429,0.9480631072,0.0652305959,0.0065722454
248,p40,0.85,7,p99,-1e-06,0.9141860353,0.8649899532,0.9730937026,0.9481355930,0.0648877933,0.0060894890
249,p25,1.05,4,p99,-1e-06,0.9141667658,0.8647349085,0.9731575589,0.9482073352,0.0639167489,0.0050298437
250,p75,1.1,5,p99,-1e-06,0.9140650142,0.8654436365,0.9727134144,0.9477541634,0.0671733368,0.0068186935
251,p60,1.05,5,p99,-1e-06,0.9140563224,0.8651340314,0.9728908971,0.9479017686,0.0661593216,0.0068510858
252,p60,0.9,7,p99,-1e-06,0.9140050258,0.8650613985,0.9728699913,0.9478678272,0.0661884722,0.0076878351
253,p40,1.1,4,p99,-1e-06,0.9139885229,0.8646439508,0.9730900383,0.9480482348,0.0649469496,0.0059431439
254,p30,0.95,5,p99,-1e-06,0.9138550676,0.8641952068,0.9732405690,0.9481020452,0.0643866406,0.0052800428
255,p40,0.9,6,p99,-1e-06,0.9135872127,0.8638624731,0.9732333164,0.9479454662,0.0653045401,0.0053536021
256,p30,1.05,4,p99,-1e-06,0.9135783476,0.8636725804,0.9733332256,0.9480284960,0.0645637388,0.0057974878
257,p75,1.0,6,p99,-1e-06,0.9135445056,0.8644114735,0.9729289263,0.9476378094,0.0674904526,0.0064162202
258,median,1.0,5,p99,-1e-06,0.9135118060,0.8638386376,0.9732516988,0.9478950607,0.0657708331,0.0073892431
259,p25,0.85,6,p99,-1e-06,0.9134341101,0.8632963697,0.9734250702,0.9480275588,0.0643610606,0.0048795161
260,p60,0.95,6,p99,-1e-06,0.9134081856,0.8638405288,0.9731796261,0.9477680417,0.0666651065,0.0074751901
261,mean,1.0,5,p99,-1e-06,0.9133833111,0.8636503182,0.9732334511,0.9478211888,0.0659861323,0.0068020537
262,median,0.85,7,p99,-1e-06,0.9131972427,0.8632498457,0.9733172470,0.9477910695,0.0659478660,0.0069831946
263,mean,0.85,7,p99,-1e-06,0.9131316596,0.8631496412,0.9733406518,0.9477684326,0.0661033953,0.0072620216
264,median,1.1,4,p99,-1e-06,0.9131022670,0.8630411123,0.9733720207,0.9477814042,0.0659454607,0.0070889698
265,mean,1.1,4,p99,-1e-06,0.9129105749,0.8627730721,0.9733358690,0.9476684541,0.0661727333,0.0072307993
266,p40,0.95,5,p99,-1e-06,0.9127718566,0.8623002155,0.9735293586,0.9477407515,0.0657809865,0.0067694128
267,p30,0.85,6,p99,-1e-06,0.9127655279,0.8621591940,0.9735309470,0.9477714217,0.0651001787,0.0055899381
268,median,0.9,6,p99,-1e-06,0.9126436323,0.8622245411,0.9734512161,0.9476142465,0.0663870263,0.0070207372
269,p25,0.9,5,p99,-1e-06,0.9126352088,0.8617805643,0.9737053202,0.9478194397,0.0649183091,0.0054041432
270,p75,1.05,5,p99,-1e-06,0.9125497642,0.8624991981,0.9733244780,0.9473967348,0.0683096353,0.0076594115
271,p25,1.0,4,p99,-1e-06,0.9125446580,0.8616125845,0.9737107907,0.9477839313,0.0649251239,0.0055899381
272,p75,0.9,7,p99,-1e-06,0.9125268386,0.8625094495,0.9732511741,0.9473474102,0.0683051412,0.0079795723
273,mean,0.9,6,p99,-1e-06,0.9125198564,0.8620050593,0.9735024347,0.9475805754,0.0665288130,0.0071007459
274,p40,1.05,4,p99,-1e-06,0.9125069859,0.8617946629,0.9736165137,0.9476693186,0.0659020982,0.0068221326
275,p60,1.0,5,p99,-1e-06,0.9123975791,0.8619421630,0.9734826033,0.9474746654,0.0673388150,0.0071797173
276,p60,0.85,7,p99,-1e-06,0.9121486475,0.8614911227,0.9735491322,0.9473950367,0.0675461762,0.0074413831
277,p30,0.9,5,p99,-1e-06,0.9120330448,0.8607765287,0.9737930857,0.9475812199,0.0656234437,0.0061245548
278,p60,1.1,4,p99,-1e-06,0.9119749156,0.8611981327,0.9735458598,0.9473163038,0.0676751056,0.0075430690
279,p30,1.0,4,p99,-1e-06,0.9119458372,0.8606160282,0.9737960801,0.9475467529,0.0655941065,0.0064937216
280,p75,0.95,6,p99,-1e-06,0.9118353053,0.8611792498,0.9734896434,0.9471662662,0.0687049770,0.0078800203
281,p40,0.85,6,p99,-1e-06,0.9117350582,0.8603356229,0.9738872415,0.9474637160,0.0665263136,0.0073974665
282,median,0.95,5,p99,-1e-06,0.9117290016,0.8605228774,0.9737275064,0.9473482330,0.0669627491,0.0077755459
283,mean,0.95,5,p99,-1e-06,0.9116772689,0.8604352796,0.9737632156,0.9473378363,0.0671463124,0.0075334459
284,p60,0.9,6,p99,-1e-06,0.9116159716,0.8604451823,0.9737495211,0.9472690951,0.0678240766,0.0081755182
285,median,1.05,4,p99,-1e-06,0.9114745846,0.8600196033,0.9738205023,0.9472882353,0.0670792965,0.0078671611
286,mean,1.05,4,p99,-1e-06,0.9114144324,0.8598988045,0.9738658768,0.9472799243,0.0672824764,0.0064065230
287,p40,0.9,5,p99,-1e-06,0.9109270526,0.8588744038,0.9740576399,0.9471891104,0.0670777685,0.0072473231
288,p75,1.0,5,p99,-1e-06,0.9109216194,0.8594586364,0.9737773818,0.9469059746,0.0693485992,0.0073378246
289,p40,1.0,4,p99,-1e-06,0.9108293776,0.8586889403,0.9740687555,0.9471556247,0.0670659132,0.0073503106
290,p25,0.95,4,p99,-1e-06,0.9108197154,0.8584198366,0.9741700413,0.9472553476,0.0660745596,0.0057577763
291,median,0.85,6,p99,-1e-06,0.9107527425,0.8586367552,0.9740965723,0.9471072746,0.0676375659,0.0078024246
292,p60,0.95,5,p99,-1e-06,0.9107349149,0.8588452757,0.9740016061,0.9469947914,0.0686085302,0.0080303368
293,p25,0.85,5,p99,-1e-06,0.9107313455,0.8582721813,0.9742017490,0.9472293171,0.0662072274,0.0062363166
294,mean,0.85,6,p99,-1e-06,0.9106986682,0.8585503570,0.9741035077,0.9470829588,0.0677590626,0.0070801017
295,p75,0.85,7,p99,-1e-06,0.9106512800,0.8589532376,0.9738909141,0.9468375752,0.0696940871,0.0078366934
296,p75,1.1,4,p99,-1e-06,0.9104951877,0.8586503915,0.9739388379,0.9467964876,0.0696275506,0.0081812461
297,p60,1.05,4,p99,-1e-06,0.9104811062,0.8583726365,0.9740384451,0.9469050450,0.0687215269,0.0070375654
298,p30,0.95,4,p99,-1e-06,0.9102812948,0.8574858486,0.9743254381,0.9470807753,0.0667245381,0.0067727512
299,p30,0.85,5,p99,-1e-06,0.9101026791,0.8571757250,0.9743292123,0.9470009646,0.0669132209,0.0053527177
300,p75,0.9,6,p99,-1e-06,0.9100910381,0.8579083211,0.9740711382,0.9466774931,0.0700746408,0.0081040332
301,median,0.9,5,p99,-1e-06,0.9099350530,0.8571683875,0.9742808427,0.9468322793,0.0682354130,0.0074619665
302,median,1.0,4,p99,-1e-06,0.9098751943,0.8570428485,0.9743139120,0.9468238098,0.0683088569,0.0073689607
303,mean,0.9,5,p99,-1e-06,0.9098724928,0.8570746514,0.9742853565,0.9468010709,0.0683983537,0.0065692020
304,mean,1.0,4,p99,-1e-06,0.9097973354,0.8569064536,0.9743467630,0.9468013406,0.0684074124,0.0073727401
305,p60,0.85,6,p99,-1e-06,0.9097517637,0.8569844817,0.9743243450,0.9467235348,0.0692765200,0.0081033173
306,p75,0.95,5,p99,-1e-06,0.9092271697,0.8563328604,0.9743079653,0.9464064120,0.0706900560,0.0082891143
307,p40,0.95,4,p99,-1e-06,0.9091946596,0.8556162708,0.9746312089,0.9467120391,0.0683390197,0.0067105433
308,p25,0.9,4,p99,-1e-06,0.9090241120,0.8551212800,0.9746615730,0.9467064084,0.0672644273,0.0066364413
309,p40,0.85,5,p99,-1e-06,0.9089871820,0.8553152748,0.9745971965,0.9465936185,0.0685137517,0.0071714692
310,p75,1.05,4,p99,-1e-06,0.9089354998,0.8557734204,0.9743875503,0.9463234553,0.0707854055,0.0085061138
311,p60,0.9,5,p99,-1e-06,0.9089315513,0.8555365939,0.9744921023,0.9464337386,0.0699624382,0.0075762359
312,p60,1.0,4,p99,-1e-06,0.9088563528,0.8553738117,0.9745184163,0.9464212549,0.0698119002,0.0086139143
313,p30,0.9,4,p99,-1e-06,0.9084434663,0.8541513415,0.9747952424,0.9464944053,0.0680682955,0.0073085582
314,p75,0.85,6,p99,-1e-06,0.9082016351,0.8544621510,0.9745548015,0.9460732073,0.0713431302,0.0087880582
315,median,0.95,4,p99,-1e-06,0.9081873630,0.8539557383,0.9747892348,0.9463059056,0.0695054791,0.0077460317
316,mean,0.95,4,p99,-1e-06,0.9081241596,0.8538726013,0.9747670960,0.9462609283,0.0696548723,0.0067576183
317,median,0.85,5,p99,-1e-06,0.9080717432,0.8537657235,0.9748011248,0.9462560712,0.0696394760,0.0075149662
318,mean,0.85,5,p99,-1e-06,0.9080245737,0.8537044663,0.9747871321,0.9462252857,0.0697222083,0.0076096688
319,p75,0.9,5,p99,-1e-06,0.9074426878,0.8531222242,0.9747417625,0.9458163139,0.0720491721,0.0083387784
320,p40,0.9,4,p99,-1e-06,0.9074204691,0.8524568801,0.9750347654,0.9461112587,0.0696563789,0.0076711628
321,p75,1.0,4,p99,-1e-06,0.9073632036,0.8529511973,0.9747870313,0.9458066022,0.0720807506,0.0079453755
322,p60,0.95,4,p99,-1e-06,0.9071826650,0.8523764269,0.9749342775,0.9458681304,0.0711331614,0.0087213830
323,p25,0.85,4,p99,-1e-06,0.9071763465,0.8518109406,0.9750993687,0.9460943507,0.0686406424,0.0071007459
324,p60,0.85,5,p99,-1e-06,0.9070785117,0.8521991741,0.9749616924,0.9458309067,0.0712705881,0.0085109046
325,p30,0.85,4,p99,-1e-06,0.9065774541,0.8508171112,0.9752260569,0.9458679046,0.0694739676,0.0074323014
326,median,0.9,4,p99,-1e-06,0.9064469498,0.8508600831,0.9751761250,0.9457125054,0.0707644624,0.0083084186
327,mean,0.9,4,p99,-1e-06,0.9063611754,0.8507334319,0.9751993391,0.9456746264,0.0710194089,0.0073924307
328,p75,0.95,4,p99,-1e-06,0.9057301315,0.8500383335,0.9751816689,0.9452571662,0.0733005426,0.0081086062
329,p75,0.85,5,p99,-1e-06,0.9056768651,0.8499560678,0.9752064483,0.9452412026,0.0734437163,0.0087535446
330,p40,0.85,4,p99,-1e-06,0.9055408198,0.8491335979,0.9754378544,0.9454582791,0.0710296193,0.0071645955
331,p60,0.9,4,p99,-1e-06,0.9054006012,0.8492378916,0.9753382343,0.9452499148,0.0725984275,0.0087174256
332,median,0.85,4,p99,-1e-06,0.9046298445,0.8476703953,0.9755906402,0.9450834758,0.0722426588,0.0082407292
333,mean,0.85,4,p99,-1e-06,0.9045641332,0.8476148616,0.9755437374,0.9450208449,0.0724056302,0.0085045180
334,p75,0.9,4,p99,-1e-06,0.9040507806,0.8470808571,0.9755712722,0.9446799773,0.0745308317,0.0088371526
335,p60,0.85,4,p99,-1e-06,0.9036688434,0.8461934965,0.9757308801,0.9446507433,0.0739001900,0.0081580077
336,p75,0.85,4,p99,-1e-06,0.9023578520,0.8441505415,0.9759328906,0.9440737476,0.0758867418,0.0094439568
