fleet_size,n_waypoints,seed,vrp_makespan_lb_m,vrp_total_cost_lb_m,vrp_objective_lb_m,mapf_makespan_time_lb_s,mapf_total_time_lb_s,mapf_objective_time_lb_s,vrp_objective_best_bound_m
1,10,42,121.50715351104736,121.50715351104736,121.50715351104736,80.75357675552368,80.75357675552368,80.75357675552368,0.0
1,10,123,114.10692501068115,114.10692501068115,114.10692501068115,77.05346250534058,77.05346250534058,77.05346250534058,0.0
1,10,7,139.71014022827148,139.71014022827148,139.71014022827148,89.85507011413574,89.85507011413574,89.85507011413574,0.0
1,10,2024,105.19291591644287,105.19291591644287,105.19291591644287,72.59645795822144,72.59645795822144,72.59645795822144,0.0
1,10,314,94.8894395828247,94.8894395828247,94.8894395828247,67.44471979141235,67.44471979141235,67.44471979141235,0.0
1,25,42,165.83976030349731,165.83976030349731,165.83976030349731,132.91988015174866,132.91988015174866,132.91988015174866,0.0
1,25,123,188.6831202507019,188.6831202507019,188.6831202507019,144.34156012535095,144.34156012535095,144.34156012535095,0.0
1,25,7,139.4934964776039,139.4934964776039,139.4934964776039,119.74674823880196,119.74674823880196,119.74674823880196,0.0
1,25,2024,177.58465313911438,177.58465313911438,177.58465313911438,138.7923265695572,138.7923265695572,138.7923265695572,0.0
1,25,314,167.1471118927002,167.1471118927002,167.1471118927002,133.5735559463501,133.5735559463501,133.5735559463501,0.0
1,50,42,232.56334900856018,232.56334900856018,232.56334900856018,216.2816745042801,216.2816745042801,216.2816745042801,0.0
1,50,123,265.0269935429096,265.0269935429096,265.0269935429096,232.5134967714548,232.5134967714548,232.5134967714548,0.0
1,50,7,262.6117772459984,262.6117772459984,262.6117772459984,231.3058886229992,231.3058886229992,231.3058886229992,0.0
1,50,2024,225.5098216533661,225.5098216533661,225.5098216533661,212.75491082668304,212.75491082668304,212.75491082668304,0.0
1,50,314,272.823805809021,272.823805809021,272.823805809021,236.4119029045105,236.4119029045105,236.4119029045105,0.0
1,75,42,325.20746552944183,325.20746552944183,325.20746552944183,312.6037327647209,312.6037327647209,312.6037327647209,0.0
1,75,123,350.61774814128876,350.61774814128876,350.61774814128876,325.3088740706444,325.3088740706444,325.3088740706444,0.0
1,75,7,328.0849276781082,328.0849276781082,328.0849276781082,314.0424638390541,314.0424638390541,314.0424638390541,0.0
1,75,2024,301.64688444137573,301.64688444137573,301.64688444137573,300.82344222068787,300.82344222068787,300.82344222068787,0.0
1,75,314,326.35127305984497,326.35127305984497,326.35127305984497,313.1756365299225,313.1756365299225,313.1756365299225,0.0
1,100,42,381.26304268836975,381.26304268836975,381.26304268836975,390.6315213441849,390.6315213441849,390.6315213441849,0.0
1,100,123,378.8095636367798,378.8095636367798,378.8095636367798,389.4047818183899,389.4047818183899,389.4047818183899,0.0
1,100,7,374.6193087697029,374.6193087697029,374.6193087697029,387.30965438485146,387.30965438485146,387.30965438485146,0.0
1,100,2024,374.4796950817108,374.4796950817108,374.4796950817108,387.2398475408554,387.2398475408554,387.2398475408554,0.0
1,100,314,376.5928797721863,376.5928797721863,376.5928797721863,388.29643988609314,388.29643988609314,388.29643988609314,0.0
2,10,42,64.05138397216797,121.50715351104736,92.77926874160767,40.37678837776184,80.75357675552368,60.56518256664276,0.0
2,10,123,66.82208251953125,114.10692501068115,90.4645037651062,38.52673125267029,77.05346250534058,57.79009687900543,0.0
2,10,7,69.85507011413574,139.71014022827148,104.78260517120361,44.92753505706787,89.85507011413574,67.3913025856018,0.0
2,10,2024,55.530696868896484,104.60916566848755,80.06993126869202,36.15229141712189,72.30458283424377,54.22843712568283,0.0
2,10,314,57.03396987915039,94.8894395828247,75.96170473098755,33.72235989570618,67.44471979141235,50.583539843559265,0.0
2,25,42,82.91988015174866,165.83976030349731,124.37982022762299,66.45994007587433,132.91988015174866,99.6899101138115,0.0
2,25,123,94.34156012535095,188.6831202507019,141.51234018802643,72.17078006267548,144.34156012535095,108.25617009401321,0.0
2,25,7,69.74674823880196,139.4934964776039,104.62012235820293,59.87337411940098,119.74674823880196,89.81006117910147,0.0
2,25,2024,88.79232656955719,177.58465313911438,133.18848985433578,69.3961632847786,138.7923265695572,104.09424492716789,0.0
2,25,314,82.77355670928955,165.5471134185791,124.16033506393433,66.38677835464478,132.77355670928955,99.58016753196716,0.0
2,50,42,116.28167450428009,232.56334900856018,174.42251175642014,108.14083725214005,216.2816745042801,162.21125587821007,0.0
2,50,123,132.5134967714548,265.0269935429096,198.77024515718222,116.2567483857274,232.5134967714548,174.3851225785911,0.0
2,50,7,130.97451874613762,261.94903749227524,196.46177811920643,115.48725937306881,230.97451874613762,173.23088905960321,0.0
2,50,2024,112.53009021282196,225.06018042564392,168.79513531923294,106.26504510641098,212.53009021282196,159.39756765961647,0.0
2,50,314,136.70472288131714,273.4094457626343,205.0570843219757,118.35236144065857,236.70472288131714,177.52854216098785,0.0
2,75,42,162.60373276472092,325.20746552944183,243.90559914708138,156.30186638236046,312.6037327647209,234.4527995735407,0.0
2,75,123,175.30887407064438,350.61774814128876,262.96331110596657,162.6544370353222,325.3088740706444,243.98165555298328,0.0
2,75,7,164.0424638390541,328.0849276781082,246.06369575858116,157.02123191952705,314.0424638390541,235.53184787929058,0.0
2,75,2024,150.82344222068787,301.64688444137573,226.2351633310318,150.41172111034393,300.82344222068787,225.6175816655159,0.0
2,75,314,163.45847916603088,326.91695833206177,245.18771874904633,156.72923958301544,313.4584791660309,235.09385937452316,0.0
2,100,42,190.06583607196808,380.13167214393616,285.0987541079521,195.03291803598404,390.0658360719681,292.54937705397606,0.0
2,100,123,189.4047818183899,378.8095636367798,284.10717272758484,194.70239090919495,389.4047818183899,292.0535863637924,0.0
2,100,7,187.30965438485146,374.6193087697029,280.9644815772772,193.65482719242573,387.30965438485146,290.4822407886386,0.0
2,100,2024,187.2398475408554,374.4796950817108,280.8597713112831,193.6199237704277,387.2398475408554,290.42988565564156,0.0
2,100,314,188.29643988609314,376.5928797721863,282.4446598291397,194.14821994304657,388.29643988609314,291.22232991456985,0.0
3,10,42,63.66997528076172,121.50715351104736,92.58856439590454,33.83498764038086,80.75357675552368,57.29428219795227,0.0
3,10,123,66.32503509521484,114.10692501068115,90.215980052948,35.16251754760742,77.05346250534058,56.107990026474,0.0
3,10,7,61.71348190307617,139.71014022827148,100.71181106567383,32.856740951538086,89.85507011413574,61.355905532836914,0.0
3,10,2024,55.03364562988281,103.40916681289673,79.22140622138977,29.516822814941406,71.70458340644836,50.610703110694885,0.0
3,10,314,56.53691864013672,94.8894395828247,75.71317911148071,30.26845932006836,67.44471979141235,48.856589555740356,0.0
3,25,42,63.4356575012207,165.83976030349731,114.63770890235901,44.30662671724955,132.91988015174866,88.6132534344991,0.0
3,25,123,66.5593490600586,188.6831202507019,127.62123465538025,48.11385337511698,144.34156012535095,96.22770675023396,0.0
3,25,7,62.853031158447266,139.4934964776039,101.17326381802559,39.91558274626732,119.74674823880196,79.83116549253464,0.0
3,25,2024,66.64412689208984,177.58465313911438,122.11439001560211,46.264108856519066,138.7923265695572,92.52821771303813,0.0
3,25,314,63.048805236816406,165.16570854187012,114.10725688934326,44.194284756978355,132.58285427093506,88.38856951395671,0.0
3,50,42,77.52111633618672,232.56334900856018,155.04223267237344,72.0938915014267,216.2816745042801,144.1877830028534,0.0
3,50,123,88.20572099089622,264.6171629726887,176.41144198179245,77.43619382878144,232.30858148634434,154.87238765756288,0.0
3,50,7,86.8896425863107,260.6689277589321,173.7792851726214,76.77815462648869,230.33446387946606,153.55630925297737,0.0
3,50,2024,74.89292534192403,224.6787760257721,149.78585068384805,70.77979600429535,212.33938801288605,141.5595920085907,0.0
3,50,314,90.70075543721516,272.1022663116455,181.40151087443033,78.68371105194092,236.05113315582275,157.36742210388184,0.0
3,75,42,108.40248850981395,325.20746552944183,216.8049770196279,104.20124425490697,312.6037327647209,208.40248850981394,0.0
3,75,123,116.83020440737407,350.4906132221222,233.66040881474814,108.41510220368703,325.2453066110611,216.83020440737405,0.0
3,75,7,109.3616425593694,328.0849276781082,218.7232851187388,104.68082127968471,314.0424638390541,209.36164255936941,0.0
3,75,2024,100.54896148045857,301.64688444137573,201.09792296091715,100.2744807402293,300.82344222068787,200.5489614804586,0.0
3,75,314,108.97231944402058,326.91695833206177,217.94463888804117,104.4861597220103,313.4584791660309,208.9723194440206,0.0
3,100,42,126.95434753100078,380.8630425930023,253.90869506200156,130.14384043216705,390.43152129650116,260.2876808643341,0.0
3,100,123,126.2274762392044,378.6824287176132,252.4549524784088,129.78040478626886,389.3412143588066,259.5608095725377,0.0
3,100,7,124.8731029232343,374.6193087697029,249.7462058464686,129.10321812828383,387.30965438485146,258.20643625656766,0.0
3,100,2024,124.82656502723694,374.4796950817108,249.65313005447388,129.07994918028513,387.2398475408554,258.15989836057025,0.0
3,100,314,125.53095992406209,376.5928797721863,251.06191984812418,129.43214662869772,388.29643988609314,258.86429325739545,0.0
4,10,42,63.66997528076172,121.50715351104736,92.58856439590454,33.83498764038086,80.75357675552368,57.29428219795227,0.0
4,10,123,66.32503509521484,114.10692501068115,90.215980052948,35.16251754760742,77.05346250534058,56.107990026474,0.0
4,10,7,61.71348190307617,139.71014022827148,100.71181106567383,32.856740951538086,89.85507011413574,61.355905532836914,0.0
4,10,2024,55.03364562988281,103.40916681289673,79.22140622138977,29.516822814941406,71.70458340644836,50.610703110694885,0.0
4,10,314,56.53691864013672,95.22081089019775,75.87886476516724,30.26845932006836,67.61040544509888,48.93943238258362,0.0
4,25,42,63.4356575012207,165.83976030349731,114.63770890235901,33.71782875061035,132.91988015174866,83.3188544511795,0.0
4,25,123,66.5593490600586,188.6831202507019,127.62123465538025,36.08539003133774,144.34156012535095,90.21347507834435,0.0
4,25,7,62.853031158447266,139.4934964776039,101.17326381802559,33.42651557922363,119.74674823880196,76.5866319090128,0.0
4,25,2024,66.64412689208984,177.58465313911438,122.11439001560211,35.32206344604492,138.7923265695572,87.05719500780106,0.0
4,25,314,63.048805236816406,165.16570854187012,114.10725688934326,33.5244026184082,132.58285427093506,83.05362844467163,0.0
4,50,42,63.39710998535156,232.56334900856018,147.98022949695587,54.07041862607002,216.2816745042801,135.17604656517506,0.0
4,50,123,66.28648376464844,264.6171629726887,165.45182336866856,58.077145371586084,232.30858148634434,145.1928634289652,0.0
4,50,7,66.24246978759766,260.6689277589321,163.45569877326488,57.583615969866514,230.33446387946606,143.95903992466629,0.0
4,50,2024,67.20980834960938,224.6787760257721,145.94429218769073,53.08484700322151,212.33938801288605,132.71211750805378,0.0
4,50,314,67.952361702919,271.809446811676,169.88090425729752,58.9761808514595,235.904723405838,147.44045212864876,0.0
4,75,42,81.21902364492416,324.87609457969666,203.0475591123104,78.10951182246208,312.4380472898483,195.2737795561552,0.0
4,75,123,87.62265330553055,350.4906132221222,219.05663326382637,81.31132665276527,325.2453066110611,203.27831663191319,0.0
4,75,7,82.02123191952705,328.0849276781082,205.05307979881763,78.51061595976353,314.0424638390541,196.27653989940882,0.0
4,75,2024,75.41172111034393,301.64688444137573,188.52930277585983,75.20586055517197,300.82344222068787,188.01465138792992,0.0
4,75,314,81.72923958301544,326.91695833206177,204.3230989575386,78.36461979150772,313.4584791660309,195.9115494787693,0.0
4,100,42,94.90578311681747,379.6231324672699,237.2644577920437,97.45289155840874,389.81156623363495,243.63222889602184,0.0
4,100,123,94.6706071794033,378.6824287176132,236.67651794850826,97.33530358970165,389.3412143588066,243.33825897425413,0.0
4,100,7,93.65482719242573,374.6193087697029,234.13706798106432,96.82741359621286,387.30965438485146,242.06853399053216,0.0
4,100,2024,93.6199237704277,374.4796950817108,234.04980942606926,96.80996188521385,387.2398475408554,242.02490471303463,0.0
4,100,314,94.14821994304657,376.5928797721863,235.37054985761642,97.07410997152328,388.29643988609314,242.6852749288082,0.0
5,10,42,62.469970703125,121.50715351104736,91.98856210708618,33.2349853515625,80.75357675552368,56.99428105354309,0.0
5,10,123,64.72503662109375,114.09884691238403,89.41194176673889,34.362518310546875,77.04942345619202,55.705970883369446,0.0
5,10,7,60.11347579956055,139.71014022827148,99.91180801391602,32.05673789978027,89.85507011413574,60.95590400695801,0.0
5,10,2024,53.43363952636719,102.98921155929565,78.21142554283142,28.716819763183594,71.49460577964783,50.10571277141571,0.0
5,10,314,55.3369140625,94.8894395828247,75.11317682266235,29.66845703125,67.44471979141235,48.55658841133118,0.0
5,25,42,62.235652923583984,165.83976030349731,114.03770661354065,33.11782646179199,132.91988015174866,83.01885330677032,0.0
5,25,123,64.9593505859375,188.6831202507019,126.8212354183197,34.47967529296875,144.34156012535095,89.41061770915985,0.0
5,25,7,61.25302505493164,139.4934964776039,100.37326076626778,32.62651252746582,119.74674823880196,76.18663038313389,0.0
5,25,2024,65.04412841796875,177.58465313911438,121.31439077854156,34.522064208984375,138.7923265695572,86.65719538927078,0.0
5,25,314,61.44879913330078,163.56571006774902,112.5072546005249,32.72439956665039,131.7828550338745,82.25362730026245,0.0
5,50,42,62.197105407714844,232.56334900856018,147.3802272081375,43.25633490085602,216.2816745042801,129.76900470256805,0.0
5,50,123,64.68649291992188,263.437120705843,164.06180681288242,46.343712070584296,231.7185603529215,139.03113621175288,0.0
5,50,7,64.64247131347656,260.33755645155907,162.49001388251781,46.03375564515591,230.16877822577953,138.10126693546772,0.0
5,50,2024,65.60980987548828,224.01603436470032,144.8129221200943,42.40160343647003,212.00801718235016,127.20481030941009,0.0
5,50,314,61.67268371582031,271.5551772117615,166.6139304637909,47.155517721176146,235.77758860588074,141.46655316352843,0.0
5,75,42,65.04149310588836,325.20746552944183,195.1244793176651,62.52074655294418,312.6037327647209,187.56223965883254,0.0
5,75,123,70.09812264442444,350.4906132221222,210.29436793327332,65.04906132221222,325.2453066110611,195.14718396663665,0.0
5,75,7,65.61698553562164,328.0849276781082,196.85095660686494,62.80849276781082,314.0424638390541,188.42547830343247,0.0
5,75,2024,65.3169937133789,301.64688444137573,183.48193907737732,60.164688444137575,300.82344222068787,180.49406533241273,0.0
5,75,314,65.28373727798461,326.4186863899231,195.85121183395387,62.64186863899231,313.20934319496155,187.92560591697693,0.0
5,100,42,76.09632754325867,380.48163771629333,228.288982629776,78.04816377162933,390.24081885814667,234.144491314888,0.0
5,100,123,75.73648574352265,378.6824287176132,227.20945723056792,77.86824287176132,389.3412143588066,233.60472861528396,0.0
5,100,7,74.92386175394059,374.6193087697029,224.77158526182174,77.46193087697029,387.30965438485146,232.38579263091088,0.0
5,100,2024,74.89593901634217,374.4796950817108,224.68781704902648,77.44796950817108,387.2398475408554,232.34390852451324,0.0
5,100,314,75.10963935852051,375.54819679260254,225.32891807556152,77.55481967926025,387.77409839630127,232.66445903778077,0.0
6,10,42,62.469970703125,121.50715351104736,91.98856210708618,33.2349853515625,80.75357675552368,56.99428105354309,0.0
6,10,123,64.72503662109375,114.09884691238403,89.41194176673889,34.362518310546875,77.04942345619202,55.705970883369446,0.0
6,10,7,60.11347579956055,139.71014022827148,99.91180801391602,32.05673789978027,89.85507011413574,60.95590400695801,0.0
6,10,2024,53.43363952636719,102.98921155929565,78.21142554283142,28.716819763183594,71.49460577964783,50.10571277141571,0.0
6,10,314,55.3369140625,94.8894395828247,75.11317682266235,29.66845703125,67.44471979141235,48.55658841133118,0.0
6,25,42,62.235652923583984,165.83976030349731,114.03770661354065,33.11782646179199,132.91988015174866,83.01885330677032,0.0
6,25,123,64.9593505859375,188.6831202507019,126.8212354183197,34.47967529296875,144.34156012535095,89.41061770915985,0.0
6,25,7,61.25302505493164,139.4934964776039,100.37326076626778,32.62651252746582,119.74674823880196,76.18663038313389,0.0
6,25,2024,65.04412841796875,177.58465313911438,121.31439077854156,34.522064208984375,138.7923265695572,86.65719538927078,0.0
6,25,314,61.44879913330078,163.56571006774902,112.5072546005249,32.72439956665039,131.7828550338745,82.25362730026245,0.0
6,50,42,62.197105407714844,232.56334900856018,147.3802272081375,36.04694575071335,216.2816745042801,126.16431012749672,0.0
6,50,123,64.68649291992188,263.437120705843,164.06180681288242,38.61976005882025,231.7185603529215,135.16916020587087,0.0
6,50,7,64.64247131347656,260.33755645155907,162.49001388251781,38.361463037629925,230.16877822577953,134.26512063170472,0.0
6,50,2024,65.60980987548828,224.01603436470032,144.8129221200943,35.33466953039169,212.00801718235016,123.67134335637093,0.0
6,50,314,61.67268371582031,271.5551772117615,166.6139304637909,39.29626476764679,235.77758860588074,137.53692668676376,0.0
6,75,42,62.77212905883789,325.20746552944183,193.98979729413986,52.100622127453484,312.6037327647209,182.3521774460872,0.0
6,75,123,64.8521728515625,350.4906132221222,207.67139303684235,54.207551101843514,325.2453066110611,189.72642885645232,0.0
6,75,7,64.51533508300781,328.0849276781082,196.300131380558,52.340410639842354,314.0424638390541,183.19143723944822,0.0
6,75,2024,65.3169937133789,301.64688444137573,183.48193907737732,50.13724037011465,300.82344222068787,175.48034129540125,0.0
6,75,314,61.37986373901367,325.8530011177063,193.61643242835999,52.15441675980886,312.92650055885315,182.540458659331,0.0
6,100,42,64.47872924804688,379.12607645988464,221.80240285396576,64.92717303832372,389.5630382299423,227.245105634133,0.0
6,100,123,64.8521728515625,378.6824287176132,221.76730078458786,64.89020239313443,389.3412143588066,227.1157083759705,0.0
6,100,7,65.00392150878906,374.6193087697029,219.811615139246,64.55160906414191,387.30965438485146,225.9306317244967,0.0
6,100,2024,66.71817779541016,374.4796950817108,220.5989364385605,64.53997459014256,387.2398475408554,225.88991106549898,0.0
6,100,314,65.31368255615234,375.54819679260254,220.43093967437744,64.62901639938354,387.77409839630127,226.2015573978424,0.0
8,10,42,61.96142578125,121.44867515563965,91.70505046844482,32.980712890625,80.72433757781982,56.85252523422241,0.0
8,10,123,64.06230926513672,112.49884843826294,88.28057885169983,34.03115463256836,76.24942421913147,55.140289425849915,0.0
8,10,7,59.60493469238281,139.71014022827148,99.65753746032715,31.802467346191406,89.85507011413574,60.828768730163574,0.0
8,10,2024,52.770904541015625,101.38921308517456,77.08005881309509,28.385452270507812,70.69460654258728,49.540029406547546,0.0
8,10,314,54.67417907714844,94.8894395828247,74.78180932998657,29.33708953857422,67.44471979141235,48.390904664993286,0.0
8,25,42,61.727108001708984,165.83976030349731,113.78343415260315,32.86355400085449,132.91988015174866,82.89171707630157,0.0
8,25,123,64.29662322998047,188.56581807136536,126.43122065067291,34.148311614990234,144.28290903568268,89.21561032533646,0.0
8,25,7,60.744476318359375,139.4934964776039,100.11898639798164,32.37223815917969,119.74674823880196,76.05949319899082,0.0
8,25,2024,64.49703979492188,177.58465313911438,121.04084646701813,34.24851989746094,138.7923265695572,86.52042323350906,0.0
8,25,314,60.94025802612305,163.05717182159424,111.99871492385864,32.47012901306152,131.52858591079712,81.99935746192932,0.0
8,50,42,61.688560485839844,232.56334900856018,147.1259547472,32.84428024291992,216.2816745042801,124.5629773736,0.0
8,50,123,64.02375793457031,261.83712032437325,162.93043912947178,34.011878967285156,230.91856016218662,132.4652195647359,0.0
8,50,7,63.979740142822266,257.13755854964256,160.55864934623241,33.98987007141113,228.56877927482128,131.2793246731162,0.0
8,50,2024,65.0627212524414,224.39743876457214,144.73008000850677,34.5313606262207,212.19871938228607,123.36504000425339,0.0
8,50,314,61.04849624633789,269.95517683029175,165.50183653831482,32.524248123168945,234.97758841514587,133.7509182691574,0.0
8,75,42,62.26358413696289,325.20746552944183,193.73552483320236,39.075466595590115,312.6037327647209,175.83959968015552,0.0
8,75,123,64.18943786621094,349.01774871349335,206.60359328985214,40.563609294593334,324.5088743567467,182.53624182567,0.0
8,75,7,63.852603912353516,328.0849276781082,195.96876579523087,39.25530797988176,314.0424638390541,176.64888590946794,0.0
8,75,2024,64.76990509033203,301.3341097831726,183.05200743675232,37.58338186144829,300.6670548915863,169.1252183765173,0.0
8,75,314,61.485679626464844,325.910147190094,193.69791340827942,39.119384199380875,312.955073595047,176.03722889721394,0.0
8,100,42,63.97018814086914,379.7502672672272,221.86022770404816,48.7343917042017,389.8751336336136,219.30476266890764,0.0
8,100,123,64.18943786621094,378.8095636367798,221.49950075149536,48.67559772729874,389.4047818183899,219.04018977284431,0.0
8,100,7,64.3797378540039,374.6193087697029,219.4995233118534,48.41370679810643,387.30965438485146,217.86168059147894,0.0
8,100,2024,66.46395111083984,373.86397671699524,220.16396391391754,48.3664985448122,386.9319883584976,217.6492434516549,0.0
8,100,314,64.65095520019531,375.03965854644775,219.84530687332153,48.439978659152985,387.5198292732239,217.97990396618843,0.0
10,10,42,60.361419677734375,118.85638999938965,89.60890483856201,32.18070983886719,79.42819499969482,55.804452419281006,0.0
10,10,123,62.8623046875,111.83610677719116,87.34920573234558,33.43115234375,75.91805338859558,54.67460286617279,0.0
10,10,7,58.404930114746094,139.71014022827148,99.05753517150879,31.202465057373047,89.85507011413574,60.528767585754395,0.0
10,10,2024,51.570899963378906,100.88067483901978,76.22578740119934,27.785449981689453,70.44033741950989,49.11289370059967,0.0
10,10,314,53.07417297363281,94.8894395828247,73.98180627822876,28.537086486816406,67.44471979141235,47.99090313911438,0.0
10,25,42,60.12710189819336,165.83976030349731,112.98343110084534,32.06355094909668,132.91988015174866,82.49171555042267,0.0
10,25,123,63.09661865234375,187.83444714546204,125.4655328989029,33.548309326171875,143.91722357273102,88.73276644945145,0.0
10,25,7,59.544471740722656,139.4934964776039,99.51898410916328,31.772235870361328,119.74674823880196,75.75949205458164,0.0
10,25,2024,63.29703903198242,177.58465313911438,120.4408460855484,33.64851951599121,138.7923265695572,86.2204230427742,0.0
10,25,314,59.74025344848633,161.85717296600342,110.79871320724487,31.870126724243164,130.9285864830017,81.39935660362244,0.0
10,50,42,60.08855438232422,232.56334900856018,146.3259516954422,32.04427719116211,216.2816745042801,124.1629758477211,0.0
10,50,123,62.823753356933594,261.60280564427376,162.21327950060368,33.4118766784668,230.80140282213688,132.10663975030184,0.0
10,50,7,62.77973556518555,256.38623294234276,159.58298425376415,33.38986778259277,228.19311647117138,130.79149212688208,0.0
10,50,2024,63.86272430419922,223.93893361091614,143.90082895755768,33.93136215209961,211.96946680545807,122.95041447877884,0.0
10,50,314,59.84849166870117,270.5022668838501,165.17537927627563,31.924245834350586,235.25113344192505,133.58768963813782,0.0
10,75,42,60.663578033447266,325.20746552944183,192.93552178144455,32.33178901672363,312.6037327647209,172.46776089072227,0.0
10,75,123,62.989437103271484,349.5148049592972,206.25212103128433,33.49471855163574,324.7574024796486,179.12606051564217,0.0
10,75,7,62.6525993347168,328.05694258213043,195.35477095842361,33.3262996673584,314.0284712910652,173.6773854792118,0.0
10,75,2024,63.56990432739258,300.5155143737793,182.04270935058594,33.78495216369629,300.25775718688965,167.02135467529297,0.0
10,75,314,59.88567352294922,324.7101483345032,192.2979109287262,31.94283676147461,312.3550741672516,172.1489554643631,0.0
10,100,42,62.370182037353516,379.24172806739807,220.8059550523758,38.9620864033699,389.62086403369904,214.29147521853446,0.0
10,100,123,62.989437103271484,378.6630048751831,220.8262209892273,38.93315024375916,389.33150243759155,214.13232634067535,0.0
10,100,7,63.17973709106445,374.6193087697029,218.89952293038368,38.73096543848514,387.30965438485146,213.0203099116683,0.0
10,100,2024,65.26394653320312,373.6211893558502,219.44256794452667,38.68105946779251,386.8105946779251,212.74582707285882,0.0
10,100,314,63.450950622558594,373.83965969085693,218.64530515670776,38.69198298454285,386.91982984542847,212.80590641498566,0.0
